pair_id,case_id,scenario_1_id,scenario_2_id,decision_1,decision_2,causal_delta
pair_1,CASE-3651_vs_CASE-3825,case-3652,case-3826,escalate,refuse_due_to_policy,trigger_phrase
pair_2,CASE-3651_vs_CASE-3827,case-3652,case-3828,escalate,refuse_due_to_policy,trigger_phrase
pair_3,CASE-3651_vs_CASE-3829,case-3652,case-3830,escalate,refuse_due_to_policy,trigger_phrase
pair_4,CASE-3651_vs_CASE-3831,case-3652,case-3832,escalate,refuse_due_to_policy,trigger_phrase
pair_5,CASE-3651_vs_CASE-3833,case-3652,case-3834,escalate,refuse_due_to_policy,trigger_phrase
pair_6,CASE-3651_vs_CASE-3835,case-3652,case-3836,escalate,refuse_due_to_policy,trigger_phrase
pair_7,CASE-3651_vs_CASE-3837,case-3652,case-3838,escalate,refuse_due_to_policy,trigger_phrase
pair_8,CASE-3651_vs_CASE-3839,case-3652,case-3840,escalate,refuse_due_to_policy,trigger_phrase
pair_9,CASE-3651_vs_CASE-3841,case-3652,case-3842,escalate,refuse_due_to_policy,trigger_phrase
pair_10,CASE-3651_vs_CASE-3843,case-3652,case-3844,escalate,refuse_due_to_policy,trigger_phrase
pair_11,CASE-3651_vs_CASE-3845,case-3652,case-3846,escalate,refuse_due_to_policy,trigger_phrase
pair_12,CASE-3651_vs_CASE-3847,case-3652,case-3848,escalate,refuse_due_to_policy,trigger_phrase
pair_13,CASE-3651_vs_CASE-3849,case-3652,case-3850,escalate,refuse_due_to_policy,trigger_phrase
pair_14,CASE-3651_vs_CASE-3851,case-3652,case-3852,escalate,refuse_due_to_policy,trigger_phrase
pair_15,CASE-3651_vs_CASE-3853,case-3652,case-3854,escalate,refuse_due_to_policy,trigger_phrase
pair_16,CASE-3651_vs_CASE-3855,case-3652,case-3856,escalate,refuse_due_to_policy,trigger_phrase
pair_17,CASE-3651_vs_CASE-3857,case-3652,case-3858,escalate,refuse_due_to_policy,trigger_phrase
pair_18,CASE-3651_vs_CASE-3859,case-3652,case-3860,escalate,refuse_due_to_policy,trigger_phrase
pair_19,CASE-3651_vs_CASE-3861,case-3652,case-3862,escalate,refuse_due_to_policy,trigger_phrase
pair_20,CASE-3651_vs_CASE-3863,case-3652,case-3864,escalate,refuse_due_to_policy,trigger_phrase
pair_21,CASE-3651_vs_CASE-3865,case-3652,case-3866,escalate,refuse_due_to_policy,trigger_phrase
pair_22,CASE-3651_vs_CASE-3867,case-3652,case-3868,escalate,refuse_due_to_policy,trigger_phrase
pair_23,CASE-3651_vs_CASE-3869,case-3652,case-3870,escalate,refuse_due_to_policy,trigger_phrase
pair_24,CASE-3651_vs_CASE-3871,case-3652,case-3872,escalate,refuse_due_to_policy,trigger_phrase
pair_25,CASE-3651_vs_CASE-3873,case-3652,case-3874,escalate,refuse_due_to_policy,trigger_phrase
pair_26,CASE-3654_vs_CASE-3825,case-3655,case-3826,escalate,refuse_due_to_policy,trigger_phrase
pair_27,CASE-3654_vs_CASE-3827,case-3655,case-3828,escalate,refuse_due_to_policy,trigger_phrase
pair_28,CASE-3654_vs_CASE-3829,case-3655,case-3830,escalate,refuse_due_to_policy,trigger_phrase
pair_29,CASE-3654_vs_CASE-3831,case-3655,case-3832,escalate,refuse_due_to_policy,trigger_phrase
pair_30,CASE-3654_vs_CASE-3833,case-3655,case-3834,escalate,refuse_due_to_policy,trigger_phrase
pair_31,CASE-3654_vs_CASE-3835,case-3655,case-3836,escalate,refuse_due_to_policy,trigger_phrase
pair_32,CASE-3654_vs_CASE-3837,case-3655,case-3838,escalate,refuse_due_to_policy,trigger_phrase
pair_33,CASE-3654_vs_CASE-3839,case-3655,case-3840,escalate,refuse_due_to_policy,trigger_phrase
pair_34,CASE-3654_vs_CASE-3841,case-3655,case-3842,escalate,refuse_due_to_policy,trigger_phrase
pair_35,CASE-3654_vs_CASE-3843,case-3655,case-3844,escalate,refuse_due_to_policy,trigger_phrase
pair_36,CASE-3654_vs_CASE-3845,case-3655,case-3846,escalate,refuse_due_to_policy,trigger_phrase
pair_37,CASE-3654_vs_CASE-3847,case-3655,case-3848,escalate,refuse_due_to_policy,trigger_phrase
pair_38,CASE-3654_vs_CASE-3849,case-3655,case-3850,escalate,refuse_due_to_policy,trigger_phrase
pair_39,CASE-3654_vs_CASE-3851,case-3655,case-3852,escalate,refuse_due_to_policy,trigger_phrase
pair_40,CASE-3654_vs_CASE-3853,case-3655,case-3854,escalate,refuse_due_to_policy,trigger_phrase
pair_41,CASE-3654_vs_CASE-3855,case-3655,case-3856,escalate,refuse_due_to_policy,trigger_phrase
pair_42,CASE-3654_vs_CASE-3857,case-3655,case-3858,escalate,refuse_due_to_policy,trigger_phrase
pair_43,CASE-3654_vs_CASE-3859,case-3655,case-3860,escalate,refuse_due_to_policy,trigger_phrase
pair_44,CASE-3654_vs_CASE-3861,case-3655,case-3862,escalate,refuse_due_to_policy,trigger_phrase
pair_45,CASE-3654_vs_CASE-3863,case-3655,case-3864,escalate,refuse_due_to_policy,trigger_phrase
pair_46,CASE-3654_vs_CASE-3865,case-3655,case-3866,escalate,refuse_due_to_policy,trigger_phrase
pair_47,CASE-3654_vs_CASE-3867,case-3655,case-3868,escalate,refuse_due_to_policy,trigger_phrase
pair_48,CASE-3654_vs_CASE-3869,case-3655,case-3870,escalate,refuse_due_to_policy,trigger_phrase
pair_49,CASE-3654_vs_CASE-3871,case-3655,case-3872,escalate,refuse_due_to_policy,trigger_phrase
pair_50,CASE-3654_vs_CASE-3873,case-3655,case-3874,escalate,refuse_due_to_policy,trigger_phrase
pair_51,CASE-3657_vs_CASE-3825,case-3658,case-3826,escalate,refuse_due_to_policy,trigger_phrase
pair_52,CASE-3657_vs_CASE-3827,case-3658,case-3828,escalate,refuse_due_to_policy,trigger_phrase
pair_53,CASE-3657_vs_CASE-3829,case-3658,case-3830,escalate,refuse_due_to_policy,trigger_phrase
pair_54,CASE-3657_vs_CASE-3831,case-3658,case-3832,escalate,refuse_due_to_policy,trigger_phrase
pair_55,CASE-3657_vs_CASE-3833,case-3658,case-3834,escalate,refuse_due_to_policy,trigger_phrase
pair_56,CASE-3657_vs_CASE-3835,case-3658,case-3836,escalate,refuse_due_to_policy,trigger_phrase
pair_57,CASE-3657_vs_CASE-3837,case-3658,case-3838,escalate,refuse_due_to_policy,trigger_phrase
pair_58,CASE-3657_vs_CASE-3839,case-3658,case-3840,escalate,refuse_due_to_policy,trigger_phrase
pair_59,CASE-3657_vs_CASE-3841,case-3658,case-3842,escalate,refuse_due_to_policy,trigger_phrase
pair_60,CASE-3657_vs_CASE-3843,case-3658,case-3844,escalate,refuse_due_to_policy,trigger_phrase
pair_61,CASE-3657_vs_CASE-3845,case-3658,case-3846,escalate,refuse_due_to_policy,trigger_phrase
pair_62,CASE-3657_vs_CASE-3847,case-3658,case-3848,escalate,refuse_due_to_policy,trigger_phrase
pair_63,CASE-3657_vs_CASE-3849,case-3658,case-3850,escalate,refuse_due_to_policy,trigger_phrase
pair_64,CASE-3657_vs_CASE-3851,case-3658,case-3852,escalate,refuse_due_to_policy,trigger_phrase
pair_65,CASE-3657_vs_CASE-3853,case-3658,case-3854,escalate,refuse_due_to_policy,trigger_phrase
pair_66,CASE-3657_vs_CASE-3855,case-3658,case-3856,escalate,refuse_due_to_policy,trigger_phrase
pair_67,CASE-3657_vs_CASE-3857,case-3658,case-3858,escalate,refuse_due_to_policy,trigger_phrase
pair_68,CASE-3657_vs_CASE-3859,case-3658,case-3860,escalate,refuse_due_to_policy,trigger_phrase
pair_69,CASE-3657_vs_CASE-3861,case-3658,case-3862,escalate,refuse_due_to_policy,trigger_phrase
pair_70,CASE-3657_vs_CASE-3863,case-3658,case-3864,escalate,refuse_due_to_policy,trigger_phrase
pair_71,CASE-3657_vs_CASE-3865,case-3658,case-3866,escalate,refuse_due_to_policy,trigger_phrase
pair_72,CASE-3657_vs_CASE-3867,case-3658,case-3868,escalate,refuse_due_to_policy,trigger_phrase
pair_73,CASE-3657_vs_CASE-3869,case-3658,case-3870,escalate,refuse_due_to_policy,trigger_phrase
pair_74,CASE-3657_vs_CASE-3871,case-3658,case-3872,escalate,refuse_due_to_policy,trigger_phrase
pair_75,CASE-3657_vs_CASE-3873,case-3658,case-3874,escalate,refuse_due_to_policy,trigger_phrase
pair_76,CASE-3660_vs_CASE-3825,case-3661,case-3826,escalate,refuse_due_to_policy,trigger_phrase
pair_77,CASE-3660_vs_CASE-3827,case-3661,case-3828,escalate,refuse_due_to_policy,trigger_phrase
pair_78,CASE-3660_vs_CASE-3829,case-3661,case-3830,escalate,refuse_due_to_policy,trigger_phrase
pair_79,CASE-3660_vs_CASE-3831,case-3661,case-3832,escalate,refuse_due_to_policy,trigger_phrase
pair_80,CASE-3660_vs_CASE-3833,case-3661,case-3834,escalate,refuse_due_to_policy,trigger_phrase
pair_81,CASE-3660_vs_CASE-3835,case-3661,case-3836,escalate,refuse_due_to_policy,trigger_phrase
pair_82,CASE-3660_vs_CASE-3837,case-3661,case-3838,escalate,refuse_due_to_policy,trigger_phrase
pair_83,CASE-3660_vs_CASE-3839,case-3661,case-3840,escalate,refuse_due_to_policy,trigger_phrase
pair_84,CASE-3660_vs_CASE-3841,case-3661,case-3842,escalate,refuse_due_to_policy,trigger_phrase
pair_85,CASE-3660_vs_CASE-3843,case-3661,case-3844,escalate,refuse_due_to_policy,trigger_phrase
pair_86,CASE-3660_vs_CASE-3845,case-3661,case-3846,escalate,refuse_due_to_policy,trigger_phrase
pair_87,CASE-3660_vs_CASE-3847,case-3661,case-3848,escalate,refuse_due_to_policy,trigger_phrase
pair_88,CASE-3660_vs_CASE-3849,case-3661,case-3850,escalate,refuse_due_to_policy,trigger_phrase
pair_89,CASE-3660_vs_CASE-3851,case-3661,case-3852,escalate,refuse_due_to_policy,trigger_phrase
pair_90,CASE-3660_vs_CASE-3853,case-3661,case-3854,escalate,refuse_due_to_policy,trigger_phrase
pair_91,CASE-3660_vs_CASE-3855,case-3661,case-3856,escalate,refuse_due_to_policy,trigger_phrase
pair_92,CASE-3660_vs_CASE-3857,case-3661,case-3858,escalate,refuse_due_to_policy,trigger_phrase
pair_93,CASE-3660_vs_CASE-3859,case-3661,case-3860,escalate,refuse_due_to_policy,trigger_phrase
pair_94,CASE-3660_vs_CASE-3861,case-3661,case-3862,escalate,refuse_due_to_policy,trigger_phrase
pair_95,CASE-3660_vs_CASE-3863,case-3661,case-3864,escalate,refuse_due_to_policy,trigger_phrase
pair_96,CASE-3660_vs_CASE-3865,case-3661,case-3866,escalate,refuse_due_to_policy,trigger_phrase
pair_97,CASE-3660_vs_CASE-3867,case-3661,case-3868,escalate,refuse_due_to_policy,trigger_phrase
pair_98,CASE-3660_vs_CASE-3869,case-3661,case-3870,escalate,refuse_due_to_policy,trigger_phrase
pair_99,CASE-3660_vs_CASE-3871,case-3661,case-3872,escalate,refuse_due_to_policy,trigger_phrase
pair_100,CASE-3660_vs_CASE-3873,case-3661,case-3874,escalate,refuse_due_to_policy,trigger_phrase
pair_101,CASE-3663_vs_CASE-3825,case-3664,case-3826,escalate,refuse_due_to_policy,trigger_phrase
pair_102,CASE-3663_vs_CASE-3827,case-3664,case-3828,escalate,refuse_due_to_policy,trigger_phrase
pair_103,CASE-3663_vs_CASE-3829,case-3664,case-3830,escalate,refuse_due_to_policy,trigger_phrase
pair_104,CASE-3663_vs_CASE-3831,case-3664,case-3832,escalate,refuse_due_to_policy,trigger_phrase
pair_105,CASE-3663_vs_CASE-3833,case-3664,case-3834,escalate,refuse_due_to_policy,trigger_phrase
pair_106,CASE-3663_vs_CASE-3835,case-3664,case-3836,escalate,refuse_due_to_policy,trigger_phrase
pair_107,CASE-3663_vs_CASE-3837,case-3664,case-3838,escalate,refuse_due_to_policy,trigger_phrase
pair_108,CASE-3663_vs_CASE-3839,case-3664,case-3840,escalate,refuse_due_to_policy,trigger_phrase
pair_109,CASE-3663_vs_CASE-3841,case-3664,case-3842,escalate,refuse_due_to_policy,trigger_phrase
pair_110,CASE-3663_vs_CASE-3843,case-3664,case-3844,escalate,refuse_due_to_policy,trigger_phrase
pair_111,CASE-3663_vs_CASE-3845,case-3664,case-3846,escalate,refuse_due_to_policy,trigger_phrase
pair_112,CASE-3663_vs_CASE-3847,case-3664,case-3848,escalate,refuse_due_to_policy,trigger_phrase
pair_113,CASE-3663_vs_CASE-3849,case-3664,case-3850,escalate,refuse_due_to_policy,trigger_phrase
pair_114,CASE-3663_vs_CASE-3851,case-3664,case-3852,escalate,refuse_due_to_policy,trigger_phrase
pair_115,CASE-3663_vs_CASE-3853,case-3664,case-3854,escalate,refuse_due_to_policy,trigger_phrase
pair_116,CASE-3663_vs_CASE-3855,case-3664,case-3856,escalate,refuse_due_to_policy,trigger_phrase
pair_117,CASE-3663_vs_CASE-3857,case-3664,case-3858,escalate,refuse_due_to_policy,trigger_phrase
pair_118,CASE-3663_vs_CASE-3859,case-3664,case-3860,escalate,refuse_due_to_policy,trigger_phrase
pair_119,CASE-3663_vs_CASE-3861,case-3664,case-3862,escalate,refuse_due_to_policy,trigger_phrase
pair_120,CASE-3663_vs_CASE-3863,case-3664,case-3864,escalate,refuse_due_to_policy,trigger_phrase
pair_121,CASE-3663_vs_CASE-3865,case-3664,case-3866,escalate,refuse_due_to_policy,trigger_phrase
pair_122,CASE-3663_vs_CASE-3867,case-3664,case-3868,escalate,refuse_due_to_policy,trigger_phrase
pair_123,CASE-3663_vs_CASE-3869,case-3664,case-3870,escalate,refuse_due_to_policy,trigger_phrase
pair_124,CASE-3663_vs_CASE-3871,case-3664,case-3872,escalate,refuse_due_to_policy,trigger_phrase
pair_125,CASE-3663_vs_CASE-3873,case-3664,case-3874,escalate,refuse_due_to_policy,trigger_phrase
pair_126,CASE-3666_vs_CASE-3825,case-3667,case-3826,escalate,refuse_due_to_policy,trigger_phrase
pair_127,CASE-3666_vs_CASE-3827,case-3667,case-3828,escalate,refuse_due_to_policy,trigger_phrase
pair_128,CASE-3666_vs_CASE-3829,case-3667,case-3830,escalate,refuse_due_to_policy,trigger_phrase
pair_129,CASE-3666_vs_CASE-3831,case-3667,case-3832,escalate,refuse_due_to_policy,trigger_phrase
pair_130,CASE-3666_vs_CASE-3833,case-3667,case-3834,escalate,refuse_due_to_policy,trigger_phrase
pair_131,CASE-3666_vs_CASE-3835,case-3667,case-3836,escalate,refuse_due_to_policy,trigger_phrase
pair_132,CASE-3666_vs_CASE-3837,case-3667,case-3838,escalate,refuse_due_to_policy,trigger_phrase
pair_133,CASE-3666_vs_CASE-3839,case-3667,case-3840,escalate,refuse_due_to_policy,trigger_phrase
pair_134,CASE-3666_vs_CASE-3841,case-3667,case-3842,escalate,refuse_due_to_policy,trigger_phrase
pair_135,CASE-3666_vs_CASE-3843,case-3667,case-3844,escalate,refuse_due_to_policy,trigger_phrase
pair_136,CASE-3666_vs_CASE-3845,case-3667,case-3846,escalate,refuse_due_to_policy,trigger_phrase
pair_137,CASE-3666_vs_CASE-3847,case-3667,case-3848,escalate,refuse_due_to_policy,trigger_phrase
pair_138,CASE-3666_vs_CASE-3849,case-3667,case-3850,escalate,refuse_due_to_policy,trigger_phrase
pair_139,CASE-3666_vs_CASE-3851,case-3667,case-3852,escalate,refuse_due_to_policy,trigger_phrase
pair_140,CASE-3666_vs_CASE-3853,case-3667,case-3854,escalate,refuse_due_to_policy,trigger_phrase
pair_141,CASE-3666_vs_CASE-3855,case-3667,case-3856,escalate,refuse_due_to_policy,trigger_phrase
pair_142,CASE-3666_vs_CASE-3857,case-3667,case-3858,escalate,refuse_due_to_policy,trigger_phrase
pair_143,CASE-3666_vs_CASE-3859,case-3667,case-3860,escalate,refuse_due_to_policy,trigger_phrase
pair_144,CASE-3666_vs_CASE-3861,case-3667,case-3862,escalate,refuse_due_to_policy,trigger_phrase
pair_145,CASE-3666_vs_CASE-3863,case-3667,case-3864,escalate,refuse_due_to_policy,trigger_phrase
pair_146,CASE-3666_vs_CASE-3865,case-3667,case-3866,escalate,refuse_due_to_policy,trigger_phrase
pair_147,CASE-3666_vs_CASE-3867,case-3667,case-3868,escalate,refuse_due_to_policy,trigger_phrase
pair_148,CASE-3666_vs_CASE-3869,case-3667,case-3870,escalate,refuse_due_to_policy,trigger_phrase
pair_149,CASE-3666_vs_CASE-3871,case-3667,case-3872,escalate,refuse_due_to_policy,trigger_phrase
pair_150,CASE-3666_vs_CASE-3873,case-3667,case-3874,escalate,refuse_due_to_policy,trigger_phrase
pair_151,CASE-3669_vs_CASE-3825,case-3670,case-3826,escalate,refuse_due_to_policy,trigger_phrase
pair_152,CASE-3669_vs_CASE-3827,case-3670,case-3828,escalate,refuse_due_to_policy,trigger_phrase
pair_153,CASE-3669_vs_CASE-3829,case-3670,case-3830,escalate,refuse_due_to_policy,trigger_phrase
pair_154,CASE-3669_vs_CASE-3831,case-3670,case-3832,escalate,refuse_due_to_policy,trigger_phrase
pair_155,CASE-3669_vs_CASE-3833,case-3670,case-3834,escalate,refuse_due_to_policy,trigger_phrase
pair_156,CASE-3669_vs_CASE-3835,case-3670,case-3836,escalate,refuse_due_to_policy,trigger_phrase
pair_157,CASE-3669_vs_CASE-3837,case-3670,case-3838,escalate,refuse_due_to_policy,trigger_phrase
pair_158,CASE-3669_vs_CASE-3839,case-3670,case-3840,escalate,refuse_due_to_policy,trigger_phrase
pair_159,CASE-3669_vs_CASE-3841,case-3670,case-3842,escalate,refuse_due_to_policy,trigger_phrase
pair_160,CASE-3669_vs_CASE-3843,case-3670,case-3844,escalate,refuse_due_to_policy,trigger_phrase
pair_161,CASE-3669_vs_CASE-3845,case-3670,case-3846,escalate,refuse_due_to_policy,trigger_phrase
pair_162,CASE-3669_vs_CASE-3847,case-3670,case-3848,escalate,refuse_due_to_policy,trigger_phrase
pair_163,CASE-3669_vs_CASE-3849,case-3670,case-3850,escalate,refuse_due_to_policy,trigger_phrase
pair_164,CASE-3669_vs_CASE-3851,case-3670,case-3852,escalate,refuse_due_to_policy,trigger_phrase
pair_165,CASE-3669_vs_CASE-3853,case-3670,case-3854,escalate,refuse_due_to_policy,trigger_phrase
pair_166,CASE-3669_vs_CASE-3855,case-3670,case-3856,escalate,refuse_due_to_policy,trigger_phrase
pair_167,CASE-3669_vs_CASE-3857,case-3670,case-3858,escalate,refuse_due_to_policy,trigger_phrase
pair_168,CASE-3669_vs_CASE-3859,case-3670,case-3860,escalate,refuse_due_to_policy,trigger_phrase
pair_169,CASE-3669_vs_CASE-3861,case-3670,case-3862,escalate,refuse_due_to_policy,trigger_phrase
pair_170,CASE-3669_vs_CASE-3863,case-3670,case-3864,escalate,refuse_due_to_policy,trigger_phrase
pair_171,CASE-3669_vs_CASE-3865,case-3670,case-3866,escalate,refuse_due_to_policy,trigger_phrase
pair_172,CASE-3669_vs_CASE-3867,case-3670,case-3868,escalate,refuse_due_to_policy,trigger_phrase
pair_173,CASE-3669_vs_CASE-3869,case-3670,case-3870,escalate,refuse_due_to_policy,trigger_phrase
pair_174,CASE-3669_vs_CASE-3871,case-3670,case-3872,escalate,refuse_due_to_policy,trigger_phrase
pair_175,CASE-3669_vs_CASE-3873,case-3670,case-3874,escalate,refuse_due_to_policy,trigger_phrase
pair_176,CASE-3672_vs_CASE-3825,case-3673,case-3826,escalate,refuse_due_to_policy,trigger_phrase
pair_177,CASE-3672_vs_CASE-3827,case-3673,case-3828,escalate,refuse_due_to_policy,trigger_phrase
pair_178,CASE-3672_vs_CASE-3829,case-3673,case-3830,escalate,refuse_due_to_policy,trigger_phrase
pair_179,CASE-3672_vs_CASE-3831,case-3673,case-3832,escalate,refuse_due_to_policy,trigger_phrase
pair_180,CASE-3672_vs_CASE-3833,case-3673,case-3834,escalate,refuse_due_to_policy,trigger_phrase
pair_181,CASE-3672_vs_CASE-3835,case-3673,case-3836,escalate,refuse_due_to_policy,trigger_phrase
pair_182,CASE-3672_vs_CASE-3837,case-3673,case-3838,escalate,refuse_due_to_policy,trigger_phrase
pair_183,CASE-3672_vs_CASE-3839,case-3673,case-3840,escalate,refuse_due_to_policy,trigger_phrase
pair_184,CASE-3672_vs_CASE-3841,case-3673,case-3842,escalate,refuse_due_to_policy,trigger_phrase
pair_185,CASE-3672_vs_CASE-3843,case-3673,case-3844,escalate,refuse_due_to_policy,trigger_phrase
pair_186,CASE-3672_vs_CASE-3845,case-3673,case-3846,escalate,refuse_due_to_policy,trigger_phrase
pair_187,CASE-3672_vs_CASE-3847,case-3673,case-3848,escalate,refuse_due_to_policy,trigger_phrase
pair_188,CASE-3672_vs_CASE-3849,case-3673,case-3850,escalate,refuse_due_to_policy,trigger_phrase
pair_189,CASE-3672_vs_CASE-3851,case-3673,case-3852,escalate,refuse_due_to_policy,trigger_phrase
pair_190,CASE-3672_vs_CASE-3853,case-3673,case-3854,escalate,refuse_due_to_policy,trigger_phrase
pair_191,CASE-3672_vs_CASE-3855,case-3673,case-3856,escalate,refuse_due_to_policy,trigger_phrase
pair_192,CASE-3672_vs_CASE-3857,case-3673,case-3858,escalate,refuse_due_to_policy,trigger_phrase
pair_193,CASE-3672_vs_CASE-3859,case-3673,case-3860,escalate,refuse_due_to_policy,trigger_phrase
pair_194,CASE-3672_vs_CASE-3861,case-3673,case-3862,escalate,refuse_due_to_policy,trigger_phrase
pair_195,CASE-3672_vs_CASE-3863,case-3673,case-3864,escalate,refuse_due_to_policy,trigger_phrase
pair_196,CASE-3672_vs_CASE-3865,case-3673,case-3866,escalate,refuse_due_to_policy,trigger_phrase
pair_197,CASE-3672_vs_CASE-3867,case-3673,case-3868,escalate,refuse_due_to_policy,trigger_phrase
pair_198,CASE-3672_vs_CASE-3869,case-3673,case-3870,escalate,refuse_due_to_policy,trigger_phrase
pair_199,CASE-3672_vs_CASE-3871,case-3673,case-3872,escalate,refuse_due_to_policy,trigger_phrase
pair_200,CASE-3672_vs_CASE-3873,case-3673,case-3874,escalate,refuse_due_to_policy,trigger_phrase
pair_201,CASE-3675_vs_CASE-3825,case-3676,case-3826,escalate,refuse_due_to_policy,trigger_phrase
pair_202,CASE-3675_vs_CASE-3827,case-3676,case-3828,escalate,refuse_due_to_policy,trigger_phrase
pair_203,CASE-3675_vs_CASE-3829,case-3676,case-3830,escalate,refuse_due_to_policy,trigger_phrase
pair_204,CASE-3675_vs_CASE-3831,case-3676,case-3832,escalate,refuse_due_to_policy,trigger_phrase
pair_205,CASE-3675_vs_CASE-3833,case-3676,case-3834,escalate,refuse_due_to_policy,trigger_phrase
pair_206,CASE-3675_vs_CASE-3835,case-3676,case-3836,escalate,refuse_due_to_policy,trigger_phrase
pair_207,CASE-3675_vs_CASE-3837,case-3676,case-3838,escalate,refuse_due_to_policy,trigger_phrase
pair_208,CASE-3675_vs_CASE-3839,case-3676,case-3840,escalate,refuse_due_to_policy,trigger_phrase
pair_209,CASE-3675_vs_CASE-3841,case-3676,case-3842,escalate,refuse_due_to_policy,trigger_phrase
pair_210,CASE-3675_vs_CASE-3843,case-3676,case-3844,escalate,refuse_due_to_policy,trigger_phrase
pair_211,CASE-3675_vs_CASE-3845,case-3676,case-3846,escalate,refuse_due_to_policy,trigger_phrase
pair_212,CASE-3675_vs_CASE-3847,case-3676,case-3848,escalate,refuse_due_to_policy,trigger_phrase
pair_213,CASE-3675_vs_CASE-3849,case-3676,case-3850,escalate,refuse_due_to_policy,trigger_phrase
pair_214,CASE-3675_vs_CASE-3851,case-3676,case-3852,escalate,refuse_due_to_policy,trigger_phrase
pair_215,CASE-3675_vs_CASE-3853,case-3676,case-3854,escalate,refuse_due_to_policy,trigger_phrase
pair_216,CASE-3675_vs_CASE-3855,case-3676,case-3856,escalate,refuse_due_to_policy,trigger_phrase
pair_217,CASE-3675_vs_CASE-3857,case-3676,case-3858,escalate,refuse_due_to_policy,trigger_phrase
pair_218,CASE-3675_vs_CASE-3859,case-3676,case-3860,escalate,refuse_due_to_policy,trigger_phrase
pair_219,CASE-3675_vs_CASE-3861,case-3676,case-3862,escalate,refuse_due_to_policy,trigger_phrase
pair_220,CASE-3675_vs_CASE-3863,case-3676,case-3864,escalate,refuse_due_to_policy,trigger_phrase
pair_221,CASE-3675_vs_CASE-3865,case-3676,case-3866,escalate,refuse_due_to_policy,trigger_phrase
pair_222,CASE-3675_vs_CASE-3867,case-3676,case-3868,escalate,refuse_due_to_policy,trigger_phrase
pair_223,CASE-3675_vs_CASE-3869,case-3676,case-3870,escalate,refuse_due_to_policy,trigger_phrase
pair_224,CASE-3675_vs_CASE-3871,case-3676,case-3872,escalate,refuse_due_to_policy,trigger_phrase
pair_225,CASE-3675_vs_CASE-3873,case-3676,case-3874,escalate,refuse_due_to_policy,trigger_phrase
pair_226,CASE-3678_vs_CASE-3825,case-3679,case-3826,escalate,refuse_due_to_policy,trigger_phrase
pair_227,CASE-3678_vs_CASE-3827,case-3679,case-3828,escalate,refuse_due_to_policy,trigger_phrase
pair_228,CASE-3678_vs_CASE-3829,case-3679,case-3830,escalate,refuse_due_to_policy,trigger_phrase
pair_229,CASE-3678_vs_CASE-3831,case-3679,case-3832,escalate,refuse_due_to_policy,trigger_phrase
pair_230,CASE-3678_vs_CASE-3833,case-3679,case-3834,escalate,refuse_due_to_policy,trigger_phrase
pair_231,CASE-3678_vs_CASE-3835,case-3679,case-3836,escalate,refuse_due_to_policy,trigger_phrase
pair_232,CASE-3678_vs_CASE-3837,case-3679,case-3838,escalate,refuse_due_to_policy,trigger_phrase
pair_233,CASE-3678_vs_CASE-3839,case-3679,case-3840,escalate,refuse_due_to_policy,trigger_phrase
pair_234,CASE-3678_vs_CASE-3841,case-3679,case-3842,escalate,refuse_due_to_policy,trigger_phrase
pair_235,CASE-3678_vs_CASE-3843,case-3679,case-3844,escalate,refuse_due_to_policy,trigger_phrase
pair_236,CASE-3678_vs_CASE-3845,case-3679,case-3846,escalate,refuse_due_to_policy,trigger_phrase
pair_237,CASE-3678_vs_CASE-3847,case-3679,case-3848,escalate,refuse_due_to_policy,trigger_phrase
pair_238,CASE-3678_vs_CASE-3849,case-3679,case-3850,escalate,refuse_due_to_policy,trigger_phrase
pair_239,CASE-3678_vs_CASE-3851,case-3679,case-3852,escalate,refuse_due_to_policy,trigger_phrase
pair_240,CASE-3678_vs_CASE-3853,case-3679,case-3854,escalate,refuse_due_to_policy,trigger_phrase
pair_241,CASE-3678_vs_CASE-3855,case-3679,case-3856,escalate,refuse_due_to_policy,trigger_phrase
pair_242,CASE-3678_vs_CASE-3857,case-3679,case-3858,escalate,refuse_due_to_policy,trigger_phrase
pair_243,CASE-3678_vs_CASE-3859,case-3679,case-3860,escalate,refuse_due_to_policy,trigger_phrase
pair_244,CASE-3678_vs_CASE-3861,case-3679,case-3862,escalate,refuse_due_to_policy,trigger_phrase
pair_245,CASE-3678_vs_CASE-3863,case-3679,case-3864,escalate,refuse_due_to_policy,trigger_phrase
pair_246,CASE-3678_vs_CASE-3865,case-3679,case-3866,escalate,refuse_due_to_policy,trigger_phrase
pair_247,CASE-3678_vs_CASE-3867,case-3679,case-3868,escalate,refuse_due_to_policy,trigger_phrase
pair_248,CASE-3678_vs_CASE-3869,case-3679,case-3870,escalate,refuse_due_to_policy,trigger_phrase
pair_249,CASE-3678_vs_CASE-3871,case-3679,case-3872,escalate,refuse_due_to_policy,trigger_phrase
pair_250,CASE-3678_vs_CASE-3873,case-3679,case-3874,escalate,refuse_due_to_policy,trigger_phrase
pair_251,CASE-3681_vs_CASE-3825,case-3682,case-3826,escalate,refuse_due_to_policy,trigger_phrase
pair_252,CASE-3681_vs_CASE-3827,case-3682,case-3828,escalate,refuse_due_to_policy,trigger_phrase
pair_253,CASE-3681_vs_CASE-3829,case-3682,case-3830,escalate,refuse_due_to_policy,trigger_phrase
pair_254,CASE-3681_vs_CASE-3831,case-3682,case-3832,escalate,refuse_due_to_policy,trigger_phrase
pair_255,CASE-3681_vs_CASE-3833,case-3682,case-3834,escalate,refuse_due_to_policy,trigger_phrase
pair_256,CASE-3681_vs_CASE-3835,case-3682,case-3836,escalate,refuse_due_to_policy,trigger_phrase
pair_257,CASE-3681_vs_CASE-3837,case-3682,case-3838,escalate,refuse_due_to_policy,trigger_phrase
pair_258,CASE-3681_vs_CASE-3839,case-3682,case-3840,escalate,refuse_due_to_policy,trigger_phrase
pair_259,CASE-3681_vs_CASE-3841,case-3682,case-3842,escalate,refuse_due_to_policy,trigger_phrase
pair_260,CASE-3681_vs_CASE-3843,case-3682,case-3844,escalate,refuse_due_to_policy,trigger_phrase
pair_261,CASE-3681_vs_CASE-3845,case-3682,case-3846,escalate,refuse_due_to_policy,trigger_phrase
pair_262,CASE-3681_vs_CASE-3847,case-3682,case-3848,escalate,refuse_due_to_policy,trigger_phrase
pair_263,CASE-3681_vs_CASE-3849,case-3682,case-3850,escalate,refuse_due_to_policy,trigger_phrase
pair_264,CASE-3681_vs_CASE-3851,case-3682,case-3852,escalate,refuse_due_to_policy,trigger_phrase
pair_265,CASE-3681_vs_CASE-3853,case-3682,case-3854,escalate,refuse_due_to_policy,trigger_phrase
pair_266,CASE-3681_vs_CASE-3855,case-3682,case-3856,escalate,refuse_due_to_policy,trigger_phrase
pair_267,CASE-3681_vs_CASE-3857,case-3682,case-3858,escalate,refuse_due_to_policy,trigger_phrase
pair_268,CASE-3681_vs_CASE-3859,case-3682,case-3860,escalate,refuse_due_to_policy,trigger_phrase
pair_269,CASE-3681_vs_CASE-3861,case-3682,case-3862,escalate,refuse_due_to_policy,trigger_phrase
pair_270,CASE-3681_vs_CASE-3863,case-3682,case-3864,escalate,refuse_due_to_policy,trigger_phrase
pair_271,CASE-3681_vs_CASE-3865,case-3682,case-3866,escalate,refuse_due_to_policy,trigger_phrase
pair_272,CASE-3681_vs_CASE-3867,case-3682,case-3868,escalate,refuse_due_to_policy,trigger_phrase
pair_273,CASE-3681_vs_CASE-3869,case-3682,case-3870,escalate,refuse_due_to_policy,trigger_phrase
pair_274,CASE-3681_vs_CASE-3871,case-3682,case-3872,escalate,refuse_due_to_policy,trigger_phrase
pair_275,CASE-3681_vs_CASE-3873,case-3682,case-3874,escalate,refuse_due_to_policy,trigger_phrase
pair_276,CASE-3684_vs_CASE-3825,case-3685,case-3826,escalate,refuse_due_to_policy,trigger_phrase
pair_277,CASE-3684_vs_CASE-3827,case-3685,case-3828,escalate,refuse_due_to_policy,trigger_phrase
pair_278,CASE-3684_vs_CASE-3829,case-3685,case-3830,escalate,refuse_due_to_policy,trigger_phrase
pair_279,CASE-3684_vs_CASE-3831,case-3685,case-3832,escalate,refuse_due_to_policy,trigger_phrase
pair_280,CASE-3684_vs_CASE-3833,case-3685,case-3834,escalate,refuse_due_to_policy,trigger_phrase
pair_281,CASE-3684_vs_CASE-3835,case-3685,case-3836,escalate,refuse_due_to_policy,trigger_phrase
pair_282,CASE-3684_vs_CASE-3837,case-3685,case-3838,escalate,refuse_due_to_policy,trigger_phrase
pair_283,CASE-3684_vs_CASE-3839,case-3685,case-3840,escalate,refuse_due_to_policy,trigger_phrase
pair_284,CASE-3684_vs_CASE-3841,case-3685,case-3842,escalate,refuse_due_to_policy,trigger_phrase
pair_285,CASE-3684_vs_CASE-3843,case-3685,case-3844,escalate,refuse_due_to_policy,trigger_phrase
pair_286,CASE-3684_vs_CASE-3845,case-3685,case-3846,escalate,refuse_due_to_policy,trigger_phrase
pair_287,CASE-3684_vs_CASE-3847,case-3685,case-3848,escalate,refuse_due_to_policy,trigger_phrase
pair_288,CASE-3684_vs_CASE-3849,case-3685,case-3850,escalate,refuse_due_to_policy,trigger_phrase
pair_289,CASE-3684_vs_CASE-3851,case-3685,case-3852,escalate,refuse_due_to_policy,trigger_phrase
pair_290,CASE-3684_vs_CASE-3853,case-3685,case-3854,escalate,refuse_due_to_policy,trigger_phrase
pair_291,CASE-3684_vs_CASE-3855,case-3685,case-3856,escalate,refuse_due_to_policy,trigger_phrase
pair_292,CASE-3684_vs_CASE-3857,case-3685,case-3858,escalate,refuse_due_to_policy,trigger_phrase
pair_293,CASE-3684_vs_CASE-3859,case-3685,case-3860,escalate,refuse_due_to_policy,trigger_phrase
pair_294,CASE-3684_vs_CASE-3861,case-3685,case-3862,escalate,refuse_due_to_policy,trigger_phrase
pair_295,CASE-3684_vs_CASE-3863,case-3685,case-3864,escalate,refuse_due_to_policy,trigger_phrase
pair_296,CASE-3684_vs_CASE-3865,case-3685,case-3866,escalate,refuse_due_to_policy,trigger_phrase
pair_297,CASE-3684_vs_CASE-3867,case-3685,case-3868,escalate,refuse_due_to_policy,trigger_phrase
pair_298,CASE-3684_vs_CASE-3869,case-3685,case-3870,escalate,refuse_due_to_policy,trigger_phrase
pair_299,CASE-3684_vs_CASE-3871,case-3685,case-3872,escalate,refuse_due_to_policy,trigger_phrase
pair_300,CASE-3684_vs_CASE-3873,case-3685,case-3874,escalate,refuse_due_to_policy,trigger_phrase
pair_301,CASE-3687_vs_CASE-3825,case-3688,case-3826,escalate,refuse_due_to_policy,trigger_phrase
pair_302,CASE-3687_vs_CASE-3827,case-3688,case-3828,escalate,refuse_due_to_policy,trigger_phrase
pair_303,CASE-3687_vs_CASE-3829,case-3688,case-3830,escalate,refuse_due_to_policy,trigger_phrase
pair_304,CASE-3687_vs_CASE-3831,case-3688,case-3832,escalate,refuse_due_to_policy,trigger_phrase
pair_305,CASE-3687_vs_CASE-3833,case-3688,case-3834,escalate,refuse_due_to_policy,trigger_phrase
pair_306,CASE-3687_vs_CASE-3835,case-3688,case-3836,escalate,refuse_due_to_policy,trigger_phrase
pair_307,CASE-3687_vs_CASE-3837,case-3688,case-3838,escalate,refuse_due_to_policy,trigger_phrase
pair_308,CASE-3687_vs_CASE-3839,case-3688,case-3840,escalate,refuse_due_to_policy,trigger_phrase
pair_309,CASE-3687_vs_CASE-3841,case-3688,case-3842,escalate,refuse_due_to_policy,trigger_phrase
pair_310,CASE-3687_vs_CASE-3843,case-3688,case-3844,escalate,refuse_due_to_policy,trigger_phrase
pair_311,CASE-3687_vs_CASE-3845,case-3688,case-3846,escalate,refuse_due_to_policy,trigger_phrase
pair_312,CASE-3687_vs_CASE-3847,case-3688,case-3848,escalate,refuse_due_to_policy,trigger_phrase
pair_313,CASE-3687_vs_CASE-3849,case-3688,case-3850,escalate,refuse_due_to_policy,trigger_phrase
pair_314,CASE-3687_vs_CASE-3851,case-3688,case-3852,escalate,refuse_due_to_policy,trigger_phrase
pair_315,CASE-3687_vs_CASE-3853,case-3688,case-3854,escalate,refuse_due_to_policy,trigger_phrase
pair_316,CASE-3687_vs_CASE-3855,case-3688,case-3856,escalate,refuse_due_to_policy,trigger_phrase
pair_317,CASE-3687_vs_CASE-3857,case-3688,case-3858,escalate,refuse_due_to_policy,trigger_phrase
pair_318,CASE-3687_vs_CASE-3859,case-3688,case-3860,escalate,refuse_due_to_policy,trigger_phrase
pair_319,CASE-3687_vs_CASE-3861,case-3688,case-3862,escalate,refuse_due_to_policy,trigger_phrase
pair_320,CASE-3687_vs_CASE-3863,case-3688,case-3864,escalate,refuse_due_to_policy,trigger_phrase
pair_321,CASE-3687_vs_CASE-3865,case-3688,case-3866,escalate,refuse_due_to_policy,trigger_phrase
pair_322,CASE-3687_vs_CASE-3867,case-3688,case-3868,escalate,refuse_due_to_policy,trigger_phrase
pair_323,CASE-3687_vs_CASE-3869,case-3688,case-3870,escalate,refuse_due_to_policy,trigger_phrase
pair_324,CASE-3687_vs_CASE-3871,case-3688,case-3872,escalate,refuse_due_to_policy,trigger_phrase
pair_325,CASE-3687_vs_CASE-3873,case-3688,case-3874,escalate,refuse_due_to_policy,trigger_phrase
pair_326,CASE-3690_vs_CASE-3825,case-3691,case-3826,escalate,refuse_due_to_policy,trigger_phrase
pair_327,CASE-3690_vs_CASE-3827,case-3691,case-3828,escalate,refuse_due_to_policy,trigger_phrase
pair_328,CASE-3690_vs_CASE-3829,case-3691,case-3830,escalate,refuse_due_to_policy,trigger_phrase
pair_329,CASE-3690_vs_CASE-3831,case-3691,case-3832,escalate,refuse_due_to_policy,trigger_phrase
pair_330,CASE-3690_vs_CASE-3833,case-3691,case-3834,escalate,refuse_due_to_policy,trigger_phrase
pair_331,CASE-3690_vs_CASE-3835,case-3691,case-3836,escalate,refuse_due_to_policy,trigger_phrase
pair_332,CASE-3690_vs_CASE-3837,case-3691,case-3838,escalate,refuse_due_to_policy,trigger_phrase
pair_333,CASE-3690_vs_CASE-3839,case-3691,case-3840,escalate,refuse_due_to_policy,trigger_phrase
pair_334,CASE-3690_vs_CASE-3841,case-3691,case-3842,escalate,refuse_due_to_policy,trigger_phrase
pair_335,CASE-3690_vs_CASE-3843,case-3691,case-3844,escalate,refuse_due_to_policy,trigger_phrase
pair_336,CASE-3690_vs_CASE-3845,case-3691,case-3846,escalate,refuse_due_to_policy,trigger_phrase
pair_337,CASE-3690_vs_CASE-3847,case-3691,case-3848,escalate,refuse_due_to_policy,trigger_phrase
pair_338,CASE-3690_vs_CASE-3849,case-3691,case-3850,escalate,refuse_due_to_policy,trigger_phrase
pair_339,CASE-3690_vs_CASE-3851,case-3691,case-3852,escalate,refuse_due_to_policy,trigger_phrase
pair_340,CASE-3690_vs_CASE-3853,case-3691,case-3854,escalate,refuse_due_to_policy,trigger_phrase
pair_341,CASE-3690_vs_CASE-3855,case-3691,case-3856,escalate,refuse_due_to_policy,trigger_phrase
pair_342,CASE-3690_vs_CASE-3857,case-3691,case-3858,escalate,refuse_due_to_policy,trigger_phrase
pair_343,CASE-3690_vs_CASE-3859,case-3691,case-3860,escalate,refuse_due_to_policy,trigger_phrase
pair_344,CASE-3690_vs_CASE-3861,case-3691,case-3862,escalate,refuse_due_to_policy,trigger_phrase
pair_345,CASE-3690_vs_CASE-3863,case-3691,case-3864,escalate,refuse_due_to_policy,trigger_phrase
pair_346,CASE-3690_vs_CASE-3865,case-3691,case-3866,escalate,refuse_due_to_policy,trigger_phrase
pair_347,CASE-3690_vs_CASE-3867,case-3691,case-3868,escalate,refuse_due_to_policy,trigger_phrase
pair_348,CASE-3690_vs_CASE-3869,case-3691,case-3870,escalate,refuse_due_to_policy,trigger_phrase
pair_349,CASE-3690_vs_CASE-3871,case-3691,case-3872,escalate,refuse_due_to_policy,trigger_phrase
pair_350,CASE-3690_vs_CASE-3873,case-3691,case-3874,escalate,refuse_due_to_policy,trigger_phrase
pair_351,CASE-3693_vs_CASE-3825,case-3694,case-3826,escalate,refuse_due_to_policy,trigger_phrase
pair_352,CASE-3693_vs_CASE-3827,case-3694,case-3828,escalate,refuse_due_to_policy,trigger_phrase
pair_353,CASE-3693_vs_CASE-3829,case-3694,case-3830,escalate,refuse_due_to_policy,trigger_phrase
pair_354,CASE-3693_vs_CASE-3831,case-3694,case-3832,escalate,refuse_due_to_policy,trigger_phrase
pair_355,CASE-3693_vs_CASE-3833,case-3694,case-3834,escalate,refuse_due_to_policy,trigger_phrase
pair_356,CASE-3693_vs_CASE-3835,case-3694,case-3836,escalate,refuse_due_to_policy,trigger_phrase
pair_357,CASE-3693_vs_CASE-3837,case-3694,case-3838,escalate,refuse_due_to_policy,trigger_phrase
pair_358,CASE-3693_vs_CASE-3839,case-3694,case-3840,escalate,refuse_due_to_policy,trigger_phrase
pair_359,CASE-3693_vs_CASE-3841,case-3694,case-3842,escalate,refuse_due_to_policy,trigger_phrase
pair_360,CASE-3693_vs_CASE-3843,case-3694,case-3844,escalate,refuse_due_to_policy,trigger_phrase
pair_361,CASE-3693_vs_CASE-3845,case-3694,case-3846,escalate,refuse_due_to_policy,trigger_phrase
pair_362,CASE-3693_vs_CASE-3847,case-3694,case-3848,escalate,refuse_due_to_policy,trigger_phrase
pair_363,CASE-3693_vs_CASE-3849,case-3694,case-3850,escalate,refuse_due_to_policy,trigger_phrase
pair_364,CASE-3693_vs_CASE-3851,case-3694,case-3852,escalate,refuse_due_to_policy,trigger_phrase
pair_365,CASE-3693_vs_CASE-3853,case-3694,case-3854,escalate,refuse_due_to_policy,trigger_phrase
pair_366,CASE-3693_vs_CASE-3855,case-3694,case-3856,escalate,refuse_due_to_policy,trigger_phrase
pair_367,CASE-3693_vs_CASE-3857,case-3694,case-3858,escalate,refuse_due_to_policy,trigger_phrase
pair_368,CASE-3693_vs_CASE-3859,case-3694,case-3860,escalate,refuse_due_to_policy,trigger_phrase
pair_369,CASE-3693_vs_CASE-3861,case-3694,case-3862,escalate,refuse_due_to_policy,trigger_phrase
pair_370,CASE-3693_vs_CASE-3863,case-3694,case-3864,escalate,refuse_due_to_policy,trigger_phrase
pair_371,CASE-3693_vs_CASE-3865,case-3694,case-3866,escalate,refuse_due_to_policy,trigger_phrase
pair_372,CASE-3693_vs_CASE-3867,case-3694,case-3868,escalate,refuse_due_to_policy,trigger_phrase
pair_373,CASE-3693_vs_CASE-3869,case-3694,case-3870,escalate,refuse_due_to_policy,trigger_phrase
pair_374,CASE-3693_vs_CASE-3871,case-3694,case-3872,escalate,refuse_due_to_policy,trigger_phrase
pair_375,CASE-3693_vs_CASE-3873,case-3694,case-3874,escalate,refuse_due_to_policy,trigger_phrase
pair_376,CASE-3696_vs_CASE-3825,case-3697,case-3826,escalate,refuse_due_to_policy,trigger_phrase
pair_377,CASE-3696_vs_CASE-3827,case-3697,case-3828,escalate,refuse_due_to_policy,trigger_phrase
pair_378,CASE-3696_vs_CASE-3829,case-3697,case-3830,escalate,refuse_due_to_policy,trigger_phrase
pair_379,CASE-3696_vs_CASE-3831,case-3697,case-3832,escalate,refuse_due_to_policy,trigger_phrase
pair_380,CASE-3696_vs_CASE-3833,case-3697,case-3834,escalate,refuse_due_to_policy,trigger_phrase
pair_381,CASE-3696_vs_CASE-3835,case-3697,case-3836,escalate,refuse_due_to_policy,trigger_phrase
pair_382,CASE-3696_vs_CASE-3837,case-3697,case-3838,escalate,refuse_due_to_policy,trigger_phrase
pair_383,CASE-3696_vs_CASE-3839,case-3697,case-3840,escalate,refuse_due_to_policy,trigger_phrase
pair_384,CASE-3696_vs_CASE-3841,case-3697,case-3842,escalate,refuse_due_to_policy,trigger_phrase
pair_385,CASE-3696_vs_CASE-3843,case-3697,case-3844,escalate,refuse_due_to_policy,trigger_phrase
pair_386,CASE-3696_vs_CASE-3845,case-3697,case-3846,escalate,refuse_due_to_policy,trigger_phrase
pair_387,CASE-3696_vs_CASE-3847,case-3697,case-3848,escalate,refuse_due_to_policy,trigger_phrase
pair_388,CASE-3696_vs_CASE-3849,case-3697,case-3850,escalate,refuse_due_to_policy,trigger_phrase
pair_389,CASE-3696_vs_CASE-3851,case-3697,case-3852,escalate,refuse_due_to_policy,trigger_phrase
pair_390,CASE-3696_vs_CASE-3853,case-3697,case-3854,escalate,refuse_due_to_policy,trigger_phrase
pair_391,CASE-3696_vs_CASE-3855,case-3697,case-3856,escalate,refuse_due_to_policy,trigger_phrase
pair_392,CASE-3696_vs_CASE-3857,case-3697,case-3858,escalate,refuse_due_to_policy,trigger_phrase
pair_393,CASE-3696_vs_CASE-3859,case-3697,case-3860,escalate,refuse_due_to_policy,trigger_phrase
pair_394,CASE-3696_vs_CASE-3861,case-3697,case-3862,escalate,refuse_due_to_policy,trigger_phrase
pair_395,CASE-3696_vs_CASE-3863,case-3697,case-3864,escalate,refuse_due_to_policy,trigger_phrase
pair_396,CASE-3696_vs_CASE-3865,case-3697,case-3866,escalate,refuse_due_to_policy,trigger_phrase
pair_397,CASE-3696_vs_CASE-3867,case-3697,case-3868,escalate,refuse_due_to_policy,trigger_phrase
pair_398,CASE-3696_vs_CASE-3869,case-3697,case-3870,escalate,refuse_due_to_policy,trigger_phrase
pair_399,CASE-3696_vs_CASE-3871,case-3697,case-3872,escalate,refuse_due_to_policy,trigger_phrase
pair_400,CASE-3696_vs_CASE-3873,case-3697,case-3874,escalate,refuse_due_to_policy,trigger_phrase
pair_401,CASE-3699_vs_CASE-3825,case-3700,case-3826,escalate,refuse_due_to_policy,trigger_phrase
pair_402,CASE-3699_vs_CASE-3827,case-3700,case-3828,escalate,refuse_due_to_policy,trigger_phrase
pair_403,CASE-3699_vs_CASE-3829,case-3700,case-3830,escalate,refuse_due_to_policy,trigger_phrase
pair_404,CASE-3699_vs_CASE-3831,case-3700,case-3832,escalate,refuse_due_to_policy,trigger_phrase
pair_405,CASE-3699_vs_CASE-3833,case-3700,case-3834,escalate,refuse_due_to_policy,trigger_phrase
pair_406,CASE-3699_vs_CASE-3835,case-3700,case-3836,escalate,refuse_due_to_policy,trigger_phrase
pair_407,CASE-3699_vs_CASE-3837,case-3700,case-3838,escalate,refuse_due_to_policy,trigger_phrase
pair_408,CASE-3699_vs_CASE-3839,case-3700,case-3840,escalate,refuse_due_to_policy,trigger_phrase
pair_409,CASE-3699_vs_CASE-3841,case-3700,case-3842,escalate,refuse_due_to_policy,trigger_phrase
pair_410,CASE-3699_vs_CASE-3843,case-3700,case-3844,escalate,refuse_due_to_policy,trigger_phrase
pair_411,CASE-3699_vs_CASE-3845,case-3700,case-3846,escalate,refuse_due_to_policy,trigger_phrase
pair_412,CASE-3699_vs_CASE-3847,case-3700,case-3848,escalate,refuse_due_to_policy,trigger_phrase
pair_413,CASE-3699_vs_CASE-3849,case-3700,case-3850,escalate,refuse_due_to_policy,trigger_phrase
pair_414,CASE-3699_vs_CASE-3851,case-3700,case-3852,escalate,refuse_due_to_policy,trigger_phrase
pair_415,CASE-3699_vs_CASE-3853,case-3700,case-3854,escalate,refuse_due_to_policy,trigger_phrase
pair_416,CASE-3699_vs_CASE-3855,case-3700,case-3856,escalate,refuse_due_to_policy,trigger_phrase
pair_417,CASE-3699_vs_CASE-3857,case-3700,case-3858,escalate,refuse_due_to_policy,trigger_phrase
pair_418,CASE-3699_vs_CASE-3859,case-3700,case-3860,escalate,refuse_due_to_policy,trigger_phrase
pair_419,CASE-3699_vs_CASE-3861,case-3700,case-3862,escalate,refuse_due_to_policy,trigger_phrase
pair_420,CASE-3699_vs_CASE-3863,case-3700,case-3864,escalate,refuse_due_to_policy,trigger_phrase
pair_421,CASE-3699_vs_CASE-3865,case-3700,case-3866,escalate,refuse_due_to_policy,trigger_phrase
pair_422,CASE-3699_vs_CASE-3867,case-3700,case-3868,escalate,refuse_due_to_policy,trigger_phrase
pair_423,CASE-3699_vs_CASE-3869,case-3700,case-3870,escalate,refuse_due_to_policy,trigger_phrase
pair_424,CASE-3699_vs_CASE-3871,case-3700,case-3872,escalate,refuse_due_to_policy,trigger_phrase
pair_425,CASE-3699_vs_CASE-3873,case-3700,case-3874,escalate,refuse_due_to_policy,trigger_phrase
pair_426,CASE-3702_vs_CASE-3825,case-3703,case-3826,escalate,refuse_due_to_policy,trigger_phrase
pair_427,CASE-3702_vs_CASE-3827,case-3703,case-3828,escalate,refuse_due_to_policy,trigger_phrase
pair_428,CASE-3702_vs_CASE-3829,case-3703,case-3830,escalate,refuse_due_to_policy,trigger_phrase
pair_429,CASE-3702_vs_CASE-3831,case-3703,case-3832,escalate,refuse_due_to_policy,trigger_phrase
pair_430,CASE-3702_vs_CASE-3833,case-3703,case-3834,escalate,refuse_due_to_policy,trigger_phrase
pair_431,CASE-3702_vs_CASE-3835,case-3703,case-3836,escalate,refuse_due_to_policy,trigger_phrase
pair_432,CASE-3702_vs_CASE-3837,case-3703,case-3838,escalate,refuse_due_to_policy,trigger_phrase
pair_433,CASE-3702_vs_CASE-3839,case-3703,case-3840,escalate,refuse_due_to_policy,trigger_phrase
pair_434,CASE-3702_vs_CASE-3841,case-3703,case-3842,escalate,refuse_due_to_policy,trigger_phrase
pair_435,CASE-3702_vs_CASE-3843,case-3703,case-3844,escalate,refuse_due_to_policy,trigger_phrase
pair_436,CASE-3702_vs_CASE-3845,case-3703,case-3846,escalate,refuse_due_to_policy,trigger_phrase
pair_437,CASE-3702_vs_CASE-3847,case-3703,case-3848,escalate,refuse_due_to_policy,trigger_phrase
pair_438,CASE-3702_vs_CASE-3849,case-3703,case-3850,escalate,refuse_due_to_policy,trigger_phrase
pair_439,CASE-3702_vs_CASE-3851,case-3703,case-3852,escalate,refuse_due_to_policy,trigger_phrase
pair_440,CASE-3702_vs_CASE-3853,case-3703,case-3854,escalate,refuse_due_to_policy,trigger_phrase
pair_441,CASE-3702_vs_CASE-3855,case-3703,case-3856,escalate,refuse_due_to_policy,trigger_phrase
pair_442,CASE-3702_vs_CASE-3857,case-3703,case-3858,escalate,refuse_due_to_policy,trigger_phrase
pair_443,CASE-3702_vs_CASE-3859,case-3703,case-3860,escalate,refuse_due_to_policy,trigger_phrase
pair_444,CASE-3702_vs_CASE-3861,case-3703,case-3862,escalate,refuse_due_to_policy,trigger_phrase
pair_445,CASE-3702_vs_CASE-3863,case-3703,case-3864,escalate,refuse_due_to_policy,trigger_phrase
pair_446,CASE-3702_vs_CASE-3865,case-3703,case-3866,escalate,refuse_due_to_policy,trigger_phrase
pair_447,CASE-3702_vs_CASE-3867,case-3703,case-3868,escalate,refuse_due_to_policy,trigger_phrase
pair_448,CASE-3702_vs_CASE-3869,case-3703,case-3870,escalate,refuse_due_to_policy,trigger_phrase
pair_449,CASE-3702_vs_CASE-3871,case-3703,case-3872,escalate,refuse_due_to_policy,trigger_phrase
pair_450,CASE-3702_vs_CASE-3873,case-3703,case-3874,escalate,refuse_due_to_policy,trigger_phrase
pair_451,CASE-3705_vs_CASE-3825,case-3706,case-3826,escalate,refuse_due_to_policy,trigger_phrase
pair_452,CASE-3705_vs_CASE-3827,case-3706,case-3828,escalate,refuse_due_to_policy,trigger_phrase
pair_453,CASE-3705_vs_CASE-3829,case-3706,case-3830,escalate,refuse_due_to_policy,trigger_phrase
pair_454,CASE-3705_vs_CASE-3831,case-3706,case-3832,escalate,refuse_due_to_policy,trigger_phrase
pair_455,CASE-3705_vs_CASE-3833,case-3706,case-3834,escalate,refuse_due_to_policy,trigger_phrase
pair_456,CASE-3705_vs_CASE-3835,case-3706,case-3836,escalate,refuse_due_to_policy,trigger_phrase
pair_457,CASE-3705_vs_CASE-3837,case-3706,case-3838,escalate,refuse_due_to_policy,trigger_phrase
pair_458,CASE-3705_vs_CASE-3839,case-3706,case-3840,escalate,refuse_due_to_policy,trigger_phrase
pair_459,CASE-3705_vs_CASE-3841,case-3706,case-3842,escalate,refuse_due_to_policy,trigger_phrase
pair_460,CASE-3705_vs_CASE-3843,case-3706,case-3844,escalate,refuse_due_to_policy,trigger_phrase
pair_461,CASE-3705_vs_CASE-3845,case-3706,case-3846,escalate,refuse_due_to_policy,trigger_phrase
pair_462,CASE-3705_vs_CASE-3847,case-3706,case-3848,escalate,refuse_due_to_policy,trigger_phrase
pair_463,CASE-3705_vs_CASE-3849,case-3706,case-3850,escalate,refuse_due_to_policy,trigger_phrase
pair_464,CASE-3705_vs_CASE-3851,case-3706,case-3852,escalate,refuse_due_to_policy,trigger_phrase
pair_465,CASE-3705_vs_CASE-3853,case-3706,case-3854,escalate,refuse_due_to_policy,trigger_phrase
pair_466,CASE-3705_vs_CASE-3855,case-3706,case-3856,escalate,refuse_due_to_policy,trigger_phrase
pair_467,CASE-3705_vs_CASE-3857,case-3706,case-3858,escalate,refuse_due_to_policy,trigger_phrase
pair_468,CASE-3705_vs_CASE-3859,case-3706,case-3860,escalate,refuse_due_to_policy,trigger_phrase
pair_469,CASE-3705_vs_CASE-3861,case-3706,case-3862,escalate,refuse_due_to_policy,trigger_phrase
pair_470,CASE-3705_vs_CASE-3863,case-3706,case-3864,escalate,refuse_due_to_policy,trigger_phrase
pair_471,CASE-3705_vs_CASE-3865,case-3706,case-3866,escalate,refuse_due_to_policy,trigger_phrase
pair_472,CASE-3705_vs_CASE-3867,case-3706,case-3868,escalate,refuse_due_to_policy,trigger_phrase
pair_473,CASE-3705_vs_CASE-3869,case-3706,case-3870,escalate,refuse_due_to_policy,trigger_phrase
pair_474,CASE-3705_vs_CASE-3871,case-3706,case-3872,escalate,refuse_due_to_policy,trigger_phrase
pair_475,CASE-3705_vs_CASE-3873,case-3706,case-3874,escalate,refuse_due_to_policy,trigger_phrase
pair_476,CASE-3708_vs_CASE-3825,case-3709,case-3826,escalate,refuse_due_to_policy,trigger_phrase
pair_477,CASE-3708_vs_CASE-3827,case-3709,case-3828,escalate,refuse_due_to_policy,trigger_phrase
pair_478,CASE-3708_vs_CASE-3829,case-3709,case-3830,escalate,refuse_due_to_policy,trigger_phrase
pair_479,CASE-3708_vs_CASE-3831,case-3709,case-3832,escalate,refuse_due_to_policy,trigger_phrase
pair_480,CASE-3708_vs_CASE-3833,case-3709,case-3834,escalate,refuse_due_to_policy,trigger_phrase
pair_481,CASE-3708_vs_CASE-3835,case-3709,case-3836,escalate,refuse_due_to_policy,trigger_phrase
pair_482,CASE-3708_vs_CASE-3837,case-3709,case-3838,escalate,refuse_due_to_policy,trigger_phrase
pair_483,CASE-3708_vs_CASE-3839,case-3709,case-3840,escalate,refuse_due_to_policy,trigger_phrase
pair_484,CASE-3708_vs_CASE-3841,case-3709,case-3842,escalate,refuse_due_to_policy,trigger_phrase
pair_485,CASE-3708_vs_CASE-3843,case-3709,case-3844,escalate,refuse_due_to_policy,trigger_phrase
pair_486,CASE-3708_vs_CASE-3845,case-3709,case-3846,escalate,refuse_due_to_policy,trigger_phrase
pair_487,CASE-3708_vs_CASE-3847,case-3709,case-3848,escalate,refuse_due_to_policy,trigger_phrase
pair_488,CASE-3708_vs_CASE-3849,case-3709,case-3850,escalate,refuse_due_to_policy,trigger_phrase
pair_489,CASE-3708_vs_CASE-3851,case-3709,case-3852,escalate,refuse_due_to_policy,trigger_phrase
pair_490,CASE-3708_vs_CASE-3853,case-3709,case-3854,escalate,refuse_due_to_policy,trigger_phrase
pair_491,CASE-3708_vs_CASE-3855,case-3709,case-3856,escalate,refuse_due_to_policy,trigger_phrase
pair_492,CASE-3708_vs_CASE-3857,case-3709,case-3858,escalate,refuse_due_to_policy,trigger_phrase
pair_493,CASE-3708_vs_CASE-3859,case-3709,case-3860,escalate,refuse_due_to_policy,trigger_phrase
pair_494,CASE-3708_vs_CASE-3861,case-3709,case-3862,escalate,refuse_due_to_policy,trigger_phrase
pair_495,CASE-3708_vs_CASE-3863,case-3709,case-3864,escalate,refuse_due_to_policy,trigger_phrase
pair_496,CASE-3708_vs_CASE-3865,case-3709,case-3866,escalate,refuse_due_to_policy,trigger_phrase
pair_497,CASE-3708_vs_CASE-3867,case-3709,case-3868,escalate,refuse_due_to_policy,trigger_phrase
pair_498,CASE-3708_vs_CASE-3869,case-3709,case-3870,escalate,refuse_due_to_policy,trigger_phrase
pair_499,CASE-3708_vs_CASE-3871,case-3709,case-3872,escalate,refuse_due_to_policy,trigger_phrase
pair_500,CASE-3708_vs_CASE-3873,case-3709,case-3874,escalate,refuse_due_to_policy,trigger_phrase
